{"firstLayout":"","gdVersion":{"build":218,"major":5,"minor":4,"revision":0},"properties":{"adaptGameResolutionAtRuntime":true,"antialiasingMode":"MSAA","antialisingEnabledOnMobile":false,"folderProject":true,"orientation":"default","packageName":"com.example.gamename","pixelsRounding":false,"projectUuid":"030c3506-612d-4962-a0a5-38c3f0341f8c","scaleMode":"linear","sizeOnStartupMode":"adaptWidth","templateSlug":"","useExternalSourceFiles":false,"version":"1.0.0","name":"Tjeerd vs Kian","description":"Tjeerd vs Kian","author":"","windowWidth":1920,"windowHeight":1080,"latestCompilationDirectory":"","maxFPS":60,"minFPS":20,"verticalSync":false,"platformSpecificAssets":{"android-icon-144":"","android-icon-192":"","android-icon-36":"","android-icon-48":"","android-icon-72":"","android-icon-96":"","android-windowSplashScreenAnimatedIcon":"","desktop-icon-512":"","ios-icon-100":"","ios-icon-1024":"","ios-icon-114":"","ios-icon-120":"","ios-icon-144":"","ios-icon-152":"","ios-icon-167":"","ios-icon-180":"","ios-icon-20":"","ios-icon-29":"","ios-icon-40":"","ios-icon-50":"","ios-icon-57":"","ios-icon-58":"","ios-icon-60":"","ios-icon-72":"","ios-icon-76":"","ios-icon-80":"","ios-icon-87":""},"loadingScreen":{"backgroundColor":0,"backgroundFadeInDuration":0.2,"backgroundImageResourceName":"","gdevelopLogoStyle":"light","logoAndProgressFadeInDuration":0.2,"logoAndProgressLogoFadeInDelay":0,"minDuration":1.5,"progressBarColor":16777215,"progressBarHeight":20,"progressBarMaxWidth":200,"progressBarMinWidth":40,"progressBarWidthPercent":30,"showGDevelopSplash":true,"showProgressBar":true},"watermark":{"placement":"bottom-left","showWatermark":true},"authorIds":[],"authorUsernames":[],"categories":[],"playableDevices":[],"extensionProperties":[],"platforms":[{"name":"GDevelop JS platform"}],"currentPlatform":"GDevelop JS platform"},"resources":{"resources":[],"resourceFolders":[]},"objects":[],"objectsFolderStructure":{"folderName":"__ROOT"},"objectsGroups":[],"variables":[],"layouts":[{"b":209,"disableInputWhenNotFocused":true,"mangledName":"Untitled_32scene","name":"Untitled scene","r":209,"standardSortMethod":true,"stopSoundsOnStartup":true,"title":"","v":209,"uiSettings":{"grid":false,"gridType":"rectangular","gridWidth":32,"gridHeight":32,"gridOffsetX":0,"gridOffsetY":0,"gridColor":10401023,"gridAlpha":0.8,"snap":false,"zoomFactor":0.3645833333333333,"windowMask":false},"objectsGroups":[],"variables":[],"instances":[],"objects":[],"objectsFolderStructure":{"folderName":"__ROOT"},"events":[],"layers":[{"ambientLightColorB":200,"ambientLightColorG":200,"ambientLightColorR":200,"camera3DFarPlaneDistance":10000,"camera3DFieldOfView":45,"camera3DNearPlaneDistance":3,"cameraType":"","followBaseLayerCamera":false,"isLightingLayer":false,"isLocked":false,"name":"","renderingType":"","visibility":true,"cameras":[{"defaultSize":true,"defaultViewport":true,"height":0,"viewportBottom":1,"viewportLeft":0,"viewportRight":1,"viewportTop":0,"width":0}],"effects":[{"effectType":"Scene3D::HemisphereLight","name":"3D Light","doubleParameters":{"elevation":45,"intensity":1,"rotation":0},"stringParameters":{"groundColor":"64;64;64","skyColor":"255;255;255","top":"Y-"},"booleanParameters":{}}]}],"behaviorsSharedData":[]}],"externalEvents":[],"eventsFunctionsExtensions":[],"externalLayouts":[],"externalSourceFiles":[]}